{"cameraMode":{"drawMode":0,"name":"Shaded","section":"Shading Mode"},"sceneLighting":true,"audioPlay":false,"sceneViewState":{"m_AlwaysRefresh":false,"showFog":true,"showSkybox":false,"showFlares":true,"showImageEffects":true,"showParticleSystems":true,"showVisualEffectGraphs":true,"m_FxEnabled":true},"in2DMode":false,"pivot":{"x":50.891536712646487,"y":1.2610175609588624,"z":-8.393573760986329},"rotation":{"x":-0.006709096021950245,"y":0.9897456765174866,"z":-0.04933670908212662,"w":-0.13413043320178986},"size":1.6658258438110352,"orthographic":false}