{"cameraMode":{"drawMode":0,"name":"Shaded","section":"Shading Mode"},"sceneLighting":false,"audioPlay":false,"sceneViewState":{"m_AlwaysRefresh":false,"showFog":true,"showSkybox":true,"showFlares":true,"showImageEffects":true,"showParticleSystems":true,"showVisualEffectGraphs":true,"m_FxEnabled":true},"in2DMode":false,"pivot":{"x":51.763126373291019,"y":0.7813601493835449,"z":-16.134557723999025},"rotation":{"x":-0.12851965427398683,"y":-0.3019319474697113,"z":0.041029784828424457,"w":-0.9438436031341553},"size":4.166325569152832,"orthographic":false}