{"cameraMode":{"drawMode":0,"name":"Shaded","section":"Shading Mode"},"sceneLighting":false,"audioPlay":false,"sceneViewState":{"m_AlwaysRefresh":false,"showFog":true,"showSkybox":false,"showFlares":true,"showImageEffects":true,"showParticleSystems":true,"showVisualEffectGraphs":true,"m_FxEnabled":true},"in2DMode":false,"pivot":{"x":0.025248995050787927,"y":-0.3729042410850525,"z":0.08426545560359955},"rotation":{"x":0.11050449311733246,"y":0.791793704032898,"z":-0.1505146622657776,"w":0.5816996693611145},"size":0.20164719223976136,"orthographic":false}