{"cameraMode":{"drawMode":0,"name":"Shaded","section":"Shading Mode"},"sceneLighting":false,"audioPlay":false,"sceneViewState":{"m_AlwaysRefresh":false,"showFog":true,"showSkybox":false,"showFlares":true,"showImageEffects":true,"showParticleSystems":true,"showVisualEffectGraphs":true,"m_FxEnabled":true},"in2DMode":false,"pivot":{"x":0.023390769958496095,"y":-1.4138259887695313,"z":0.12943267822265626},"rotation":{"x":-0.1630777269601822,"y":-0.4902365505695343,"z":0.0939231812953949,"w":-0.8510907888412476},"size":19.22722053527832,"orthographic":false}