{"cameraMode":{"drawMode":0,"name":"Shaded","section":"Shading Mode"},"sceneLighting":false,"audioPlay":false,"sceneViewState":{"m_AlwaysRefresh":false,"showFog":true,"showSkybox":false,"showFlares":true,"showImageEffects":true,"showParticleSystems":true,"showVisualEffectGraphs":true,"m_FxEnabled":true},"in2DMode":false,"pivot":{"x":3.0000100135803224,"y":1.9000139236450196,"z":2.999995231628418},"rotation":{"x":-0.043764304369688037,"y":-0.039557360112667087,"z":0.0017562112770974637,"w":-0.998345673084259},"size":4.328042984008789,"orthographic":false}